section_no,section_name
0175,
0176,
0177,
0178,
0179,
0180,
0181,
0182,
0184,
0307,
0308,
0309,
0583,
0845,
1049,
1080,
1089,
1090,
1091,
1092,
1093,
1094,
11147,
11163,
11164,
1184,
1185,
1329,
1343,
1344,
1382,
1383,
1401,
1402,
1403,
1404,
1405,
1406,
1407,
1408,
1410,
1415,
1416,
1440,
1451,
1452,
1453,
1454,
1455,
1456,
1457,
1458,
1459,
1460,
1461,
1462,
1463,
1464,
1465,
1466,
1501,
1503,
1533,
1534,
1536,
1551,
1553,
1580,
1582,
1583,
1584,
1585,
1600,
1601,
1621,
1641,
1642,
1648,
1652,
1660,
1661,
1681,
1695,
1697,
1698,
17.25,
1750,
1754,
1756,
1757,
1758,
1759,
1801,
1811,
1821,
1831,
1841,
1851,
1861,
1871,
1881,
1891,
1896,
1897,
1898,
1899,
1901,
1902,
1903,
1904,
1905,
1906,
1907,
1908,
1909,
1910,
1911,
1912,
1913,
1914,
1915,
1916,
1921,
1925,
1930,
1932,
1933,
1934,
1935,
1936,
1951,
1961,
1965,
1968,
1969,
1970,
1971,
1981,
1983,
1984,
1986,
1987,
1988,
1989,
1990,
1991,
1992,
1993,
1994,
1995,
1996,
1997,
1998,
1999,
2001,
2003,
2004,
2006,
2011,
2018,
2019,
2020,
2022,
2025,
2026,
2027,
2028,
2031,
2041,
2042,
2043,
2044,
2045,
2046,
2051,
2052,
2053,
2054,
2055,
2056,
2058,
2060,
2061,
2062,
2063,
2064,
2065,
2066,
2067,
2077,
2101,
2103,
2105,
2106,
2109,
2113,
2116,
2117,
2118,
2151,
2153,
2155,
2161,
2162,
2163,
2164,
2171,
2173,
2175,
2178,
2179,
2180,
2181,
2182,
2183,
2196,
2201,
2202,
2203,
2204,
2205,
2206,
2207,
2208,
2209,
2210,
2211,
2212,
2213,
2214,
2215,
2349,
2351,
2352,
2353,
2370,
2376,
2383,
2384,
2409,
242,
2425,
2426,
2427,
2428,
2429,
2430,
2431,
2432,
2433,
2434,
2435,
2436,
2437,
2438,
2439,
2440,
2441,
2442,
2442 A,
2443,
2444,
2445,
2446,
2447,
2448,
2448 A,
2449,
2450,
2451,
2452,
2453,
2454,
2455,
2456,
2461,
2501,
2502,
2503,
2504,
2505,
2506,
2507,
2508,
2509,
2510,
2511,
2512,
2531,
2532,
2533,
2534,
2535,
2536,
2551,
2552,
2553,
2554,
2555,
2556,
2557,
2558,
2559,
2560,
2561,
2562,
2576,
2578,
2579,
2581,
2591,
2592,
2593,
2594,
2595,
2596,
2597,
2598,
2599,
2600,
2601,
2610,
2611,
2612,
2613,
2614,
2615,
2621,
2623,
2624,
2624 (H),
2625,
2631,
2632,
2633,
2634,
2635,
2636,
2640,
2641,
2642,
2644,
2645,
2646,
2651,
2652,
2653,
2654,
2655,
2656,
2657,
2658,
2659,
2660,
2661,
2671,
2672,
2673,
2674,
2675,
2676,
2677,
2678,
2679,
2686,
2687,
2688,
2689,
2690,
2691,
2692,
2693,
2694,
2695,
2696,
2697,
2698,
2699,
2721,
2775,
2776,
2801,
2802,
2803,
2804,
2810,
2812,
2815,
2816,
2817,
2818,
2821,
2822,
2827,
2829,
2841,
2842,
2843,
2844,
2845,
2846,
2850,
2851,
2852,
2853,
2854,
2855,
2856,
2857,
2861,
2862,
2863,
2864,
2865,
2866,
2871,
2872,
2873,
2874,
2875,
2879,
2881,
2882,
2883,
2884,
2885,
2886,
2887,
2888,
2889,
2890,
2893,
2894,
2895,
2896,
2897,
2898,
2901,
2902,
2903,
2904,
2905,
2906,
2907,
2908,
2909,
2910,
2911.,
2912,
2913,
2914,
2915,
2916,
2917,
2918,
2919,
2920,
2941,
2942,
2943,
2944,
2945,
2971,
2972,
2973,
2974,
2975,
2976,
2977,
2978,
2979,
2980,
2981,
2982,
2983,
2984,
2985,
2986,
2987,
2988,
2989,
2990,
2991,
2992,
2993,
3001,
3002,
3003,
3004,
3005,
3006,
3007,
3008,
3009,
3010,
3011,
3012,
3013,
3014,
3015,
3016,
3017,
3018,
3019,
3021,
3022,
3023,
3024,
3025,
3026,
3027,
3028,
3029,
3030,
3031,
3032,
3042,
3043,
3044,
3051,
3052,
3053,
3054,
3055,
3056,
3057,
3058,
3059,
3060,
3071,
3072,
3073,
3074,
3075,
3076,
3077,
3078,
3079,
3080,
3081,
3082,
3083,
3084,
3085,
3086,
3087,
3088,
3089,
3090,
3091,
3092,
3093,
3094,
3096,
3101,
3102,
3103,
3104,
3105,
3111,
3112,
3113,
3114,
3115,
3116,
3117,
3121,
3122,
3123,
3123L,
3124,
3125,
3126,
3131,
3132,
3133,
3134,
3135,
3136,
3151,
3152,
3153,
3154,
3155,
3156,
3157,
3158,
3159,
3160,
3161,
3162,
3163,
3164,
3165,
3166,
3171,
3172,
3173,
3174,
3175,
3176,
3177,
3178,
3179,
3180,
3181,
3182,
3183,
3185,
3186,
3187,
3188,
3189,
3190,
3191,
3192,
3193,
3194,
3195,
3196,
3197,
3198,
3199,
3200,
3201,
3202,
3203,
3204,
3205,
3206,
3207,
3211,
3212,
3214,
3215,
3216,
3221,
3222,
3223,
3224,
3226,
3231,
3232,
3233,
3234,
3235,
3236,
3241,
3242,
3243,
3244,
3245,
3246,
3247,
3248,
3249,
3251,
3252,
3254,
3255,
3256,
3257,
3258,
3259,
3260,
3261,
3262,
3263,
3264,
3265,
3266,
3267,
3271,
3272,
3273,
3274,
3275,
3276,
3277,
3278,
3279,
3280,
3281,
3282,
3283,
3284,
3285,
3286,
3287,
3291,
3292,
3293,
3294,
3295,
3301,
3302,
3303,
3304,
3305,
3306,
3307,
3308,
3309,
3311,
3312,
3313,
3314,
3315,
3316,
3317,
3318,
3319,
3320,
3331,
3332,
3333,
3334,
3335,
3336,
3337,
3338,
3338N,
3339,
3339n,
3340,
3341,
3341 N,
3345,
3346,
3347,
3348,
3349,
3350,
3351,
3352,
3353,
3354,
3355,
3356,
3357,
3361,
3362,
3363,
3364,
3365,
3366,
3367,
3368,
3371,
3372,
3373,
3374,
3375,
3376,
3377,
3378,
3379,
3380,
3381,
3382,
3383,
340,
3401,
3402,
3403,
3404,
3405,
3406,
3407,
3408,
3409,
3410,
3411,
3411 L,
3412,
3413,
3414,
3415,
3416,
3417,
3418,
3419,
3420,
3421,
3422,
3423,
3424,
3425,
3426,
3427,
3428,
3429,
3430,
3431,
3432,
3433,
3434,
3435,
3436,
3437,
3438,
3439,
3440,
3441,
3442,
3451,
3452,
3453,
3454,
3455,
3456,
3457,
3458,
3459,
3460,
3461,
3462,
3463,
3464,
3465,
3466,
3467,
3468,
3469,
3471,
3472,
3473,
3481,
3482,
3483,
3484,
3485,
3486,
3487,
3488,
3489,
3490,
3491,
3492,
3493,
3494,
3495,
3496,
3497,
3498,
3501,
3502,
3503,
3504,
3505,
3506,
3507,
3508,
3509,
351,
3510,
3511,
3512,
3513,
3514,
3515,
3516,
3517,
3518,
3519,
352,
3520,
3521,
3522,
3523,
3524,
3525,
3526,
3527,
3528,
3529,
3530,
3531,
3535,
3536,
3537,
3538,
3539,
3540,
3551,
3552,
3553,
3554,
3555,
3556,
3557,
3558,
3559,
3561,
3562,
3563,
3564,
3565,
3566,
3567,
3568,
3569,
3570,
3571,
3572,
3573,
3574,
3575,
3576,
3577,
3578,
3579,
3580,
3581,
3582,
3583,
3584,
3585,
3586,
3591,
3592,
3593,
3594,
3595,
3596,
3601,
3602,
3603,
3604,
3605,
3606,
3607,
3608,
3609,
3610,
3611,
3612,
3613,
3614,
3615,
3616,
3617,
3618,
3619,
3620,
3621,
3623,
3624,
3625,
3626,
3627,
3631,
3632,
3633,
3634,
3635,
3636,
3637,
3638,
3639,
3640,
3641,
3642,
3643,
3644,
3645,
3646,
3647,
3648,
3649,
3650,
3651,
3652,
3653,
3654,
3655,
3656,
3657,
3658,
3659,
3660,
3661,
3662,
3663,
3664,
3665,
3666,
3667,
3668,
3669,
3670,
3671,
3672,
3673,
3674,
3675,
3676,
3677,
3678,
3681,
3682,
3683,
3684,
3685,
3686,
3687,
3688,
3689,
3690,
3691,
3692,
3693,
3694,
3695,
3696,
3697,
3698,
3699,
3701,
3702,
3703,
3704,
3705,
3706,
3707,
3708,
3709,
3710,
3711,
3712,
3713,
3714,
3715,
3720,
3721,
3722,
3723,
3724,
3725,
3726,
3730,
3731,
3732,
3733,
3734,
3735,
3736,
3737,
3738,
3739,
3740,
3740 lite,
3741,
3742,
3743,
3744,
3745,
3746,
3747,
3748,
3749,
3750,
3751,
3752,
3753,
3754,
3755,
3756,
3757,
3758,
3759,
376,
3760,
3761,
3762,
3763,
3764,
3765,
3766,
3767,
3768,
3769,
3770,
3771,
3772,
3773,
3774,
3775,
3776,
3777,
3778,
3779,
3780,
3781,
3782,
3783,
3784,
3785,
3786,
3787,
3788,
3789,
3790,
3791,
3792,
3793,
3794,
3795,
3796,
3797,
3798,
3799,
3800,
3800 -3861,
3801,
3802,
3803,
3804,
3805,
3806,
3807,
3808,
3809,
3810,
3811,
3812,
3813,
3813-1,
3814,
3815,
3816,
3817,
3818,
3819,
3820,
3821,
3822,
3823,
3824,
3825,
3826,
3827,
3828,
3829,
3830,
3831,
3832,
3833,
3833-2,
3833H,
3834,
3835,
3835 H,
3835-,
3836,
3837,
3838,
3839,
3840,
3841,
3842,
3843,
3844,
3845,
3846,
3847,
3848,
3849,
3850,
3851,
3852,
3853,
3854,
3855,
3856,
3857,
3858,
3859,
3860,
3861,
3862,
3863,
3864,
3865,
3866,
3866 (2),
3867,
3868,
3869,
3870,
3871,
3872,
3873,
3874,
3875,
3876,
3877,
3878,
3881,
3882,
3883,
3884,
3885,
3886,
3887,
3888,
3890,
3891,
3892,
3893,
3894,
3895,
3896,
3897,
3898,
3899,
3900,
3901,
3902,
3903,
3904,
3905,
3906,
3907,
3908,
3909,
3910,
3911,
3912,
3913,
3914,
3915,
3916,
3917,
3918,
3919,
3920,
3921,
3922,
3923,
3923L,
3924,
3925,
3926,
3927,
3930,
3931,
3932,
3933,
3934,
3935,
3936,
3937,
3940,
3941,
3944,
3945,
3946,
3947,
3950,
3951,
3952,
3953,
3955,
3956,
3960,
3961,
3965,
3966,
3967,
3968,
3971,
3972,
3973,
3974,
3975,
3977,
3981,
3982,
3983,
3985,
3986,
3987,
3988,
3989,
3991,
3992,
3993,
3994,
3995,
3996,
4000,
4001,
4002,
4003,
4004,
4005,
4006,
4007,
4008,
4008 Revised,
4009,
4010,
4011,
4015,
4016,
4017,
4018,
4019,
4021,
4025,
4026,
4027,
4028,
4029,
4030,
4031,
4032,
4033,
4034,
4035,
4036,
4040,
4041,
4042,
4043,
4044,
4045,
4046,
4047,
4048,
4049,
4050,
4051,
4052,
4053,
4054,
4055,
4056,
4057,
4058,
4059,
4060,
4062,
4063,
4064,
4065,
4066,
4067,
4067 N,
4068,
4068 N,
4069,
4070,
4071,
4072,
4073,
4074,
4075,
4076,
4077,
4078,
4079,
4080,
4081,
4082,
4083,
4084,
4085,
4086,
4087,
4088,
4089,
4090,
4091,
4092,
4093,
4094,
4095,
4096,
4097,
4098,
4099,
4100,
4101,
4102,
4103,
4104,
4105,
4106,
4107,
4108,
4109,
4110,
4111,
4112,
4113,
4114,
4115,
4116,
4117,
4118,
4119,
4120,
4121,
4122,
4123,
4124,
4125,
4126,
4127,
4128,
4129,
4130,
4131,
4132,
4133,
4134,
4135,
4136,
4137,
4138,
4139,
4140,
4141,
4142,
4143,
4144,
4144 H,
4145,
4146,Angle 38 x 38 x 3.34 mm
4147,
4148,
4149,
4150,
4151,
4152,
4153,
4154,
4155,
4156,
4157,
4158,
4159,
4160,
4161,
4162,
4163,
4164,
4165,
4166,
4167,
4168,
4169,
4170,
4171,
4172,
4173,
4174,
4175,
4176,
4177,
4178,
4179,
4180,
4181,
4182,
4183,
4184,
4185,
4186,
4187,
4188,
4189,
4190,
4191,
4192,
4193,
4194,
4195,
4196,
4197,
4198,
4199,
4201,
4202,
4203,
4204,
4205,
4206,
4207,
4208,
4209,
4210,
4211,
4212,
4213,
4214,
4215,
4216,
4217,
4218,
4219,
4220,
4221,
4222,
4223,
4224,
4225,
4226,
4227,
4228,
4229,
4230,
4236,
4261,
4262,
4263,
4264,
4265,
4266,
4267,
4268,
4269,
4270,
4271,
4272,
4273,
4274,
4275,
4276,
4277,
4278,
4279,
4280,
4281,
4282,
4283,
4284,
4285,
4286,
4287,
4288,
4289,
4290,
4291,
4291 LIGHT,
4292,
4293,
4294,
4295,
4296,
4297,
4298,
4299,
4300,
4301,
4302,
4303,
4304,
4305,
4306,
4308,
4309,
4310,
4311,
4312,
4313,
4314,
4315,
4316,
4317,
4318,
4319,
4320,
4321,
4322,
4323,
4324,
4325,
4326,
4327,
4328,
4329,
4330,
4331,
4332,
4333,
4334,
4335,
4336,
4337,
4338,
4339,
4340,
4341,
4342,
4343,
4344,
4345,
4346,
4347,
4348,
4349,
4350,
4351,
4352,
4353,
4354,
4355,
4356,
4357,
4358,
4359,
4360,
4361,
4362,
4363,
4364,
4365,
4366,
4367,
4368,
4369,
4369L,
4371,
4372,
4373,
4374,
4376,
4377,
4378,
4379,
4380,
4381,
4382,
4383,
4384,
4385,
4386,
4387,
4388,
4389,
4390,
4391,
4392,
4393,
4394,
4395,
4395 H,
4395L,
4396,
4397,
4398,
4399,
4400,
4401,
4402,
4403,
4404,
4405,
4406,
4407,
4408,
4409,
4410,
4411,
4412,
4413,
4414,
4415,
4416,
4417,
4418,
4419,
4420,RT 59.8 x 5.3 x 1.15 mm
4421,
4422,
4423,
4424,
4425,
4427,
4428,
4429,
4431,
4432,
4433,
4434,
4434 N,
4435,
4436,
4437,
4438,
4439,
4440,
4441,
4442,
4443,
4444,
4445,
4446,
4447,
4448,
4449,
4450,
4451,
4452,
4453,
4454,
4455,
4458,
4459,
4463,
4464,
4465,
4466,
4467,
4468,
4469,
4470,
4471,
4472,
4473,
4474,
4475,
4476,
4477,
4478,
4479,
4480,
4481,
4482,
4483,
4484,
4485,
4486,
4487,
4488,
4489,
4492,
4493,
4494,
4495,
4496,
4497,
4498,
4499,
4500,
4501,
4502,
4503,
4504,
4505,
4506,
4507,
4508,
4508(H),
4509,
4509(H),
451,Double Glass Channel 22 x 11 x 0.55 mm
4510,
4510(H),
4511,
4511(H),
4512,
4513,
4514,
4515,
4516,
4517,
4518,
4519,
452,Double Glass Channel 22 x 11 x 0.65 mm
4520,
4521,
4522,
4523,
4524,
4525,
4526,
4527,
4528,
4529,
453,Double Glass Channel 22 x 11 x 0.75 mm
4530,
4531,
4532,
4533,
4534,
4535,
4536,
4537,
4538,
4539,
454,Double Glass Channel 22 x 11 x 0.8 mm
4540,
4541,
4542,
4543,
4544,
4545,
4546,
4547,
4547L,
4548,
4549,
455,Double Glass Channel 22 x 11 x 1 mm
4550,
4551,
4552,
4553,Angle 15 x 15 x 1.5 mm
4554,
4555,
4556,
4557,
4558,
4559,
456,Double Glass Channel 25 x 11 x 0.7 mm
4560,
4561,
4562,
4563,
4564,
4565,
4566,
4567,
4568,
4569,
457,Double Glass Channel 25 x 11 x 0.8 mm
4570,
4571,
4572,
4573,
4574,
4575,
4576,
4577,
4578,
4579,
458,Double Glass Channel 25 x 11 x 0.95 mm
4580,
4581,
4582,
4583,
4584,
4585,
4586,
4587,
4588,
4589,
459,Double Glass Channel 25 x 11 x 1.05 mm
4590,
4591,
4592,
4593,
4594,
4595,
4596,
4597,
4598,
4599,
460,Double Glass Channel 30 x 11 x 1 mm
4600,
4601,
4602,
4603,
4604,
4605,
4606,
4607,
4608,
4609,
461,Double Glass Channel 36 x 11 x 1 mm
4610,
4611,
4612,
4613,
4614,
4615,
4616,
4617,
4618,
4619,
462,Double Glass Channel 48 x 11 x 1 mm
4620,
4621,
4622,
4623,
4624,
4625,
4626,
4627,
4628,
4629,
4630,
4631,
4632,
4633,
4634,
4635,
4636,
4637,Angle 100 x 100 x 3 mm
4638,
4639,
4640,
4641,
4642,
4643,
4644,
4645,
4646,
4647,
4648,
4649,
465,
4650,
4651,
4652,
4653,
4654,
4655,
4656,
4657,
4658,
4659,
4660,
4661,
4662,
4663,
4664,
4665,
4666,
4667,
4668,
4669,
4670,
4671,
4672,
4673,
4674,
4675,
4676,
4677,
4678,
4679,
4680,
4681,
4682,
4683,
4684,
4685,
4686,
4687,
4688,
4689,
4690,
4691,
4692,
4693,
4694,
4695,
4696,
4697,
4698,
4699,
4700,
4701,
4702,
4703,
4704,
4705,
4706,
4707,
4708,
4709,
4710,
4711,
4712,
4713,
4714,
4715,
4716,
4717,
4718,
4719,
4720,
4721,
4722,
4723,
4724,
4725,
4726,
4727,
4728,
4729,
4730,
4731,
4732,
4733,
4734,
4735,
4736,
4737,
4738,
4739,
474,
4740,
4741,
4742,
4743,
4744,
4745,
4746,
4747,
4748,
4749,
4750,
4751,
4752,
4753,
4754,
4755,
4756,
4757,
4758,
4759,
4760,
4761,
4762,
4763,
4764,
4765,
4766,
4767,
4768,
4769,
4770,
4771,
4772,
4773,
4774,
4775,
4776,
4777,
4778,
4779,
4780,
4781,
4782,
4783,
4784,
4785,
4786,
4787,
4788,
4789,
4790,
4791,
4792,Square Bar 7.2 mm sq
4793,
4794,
4795,
4796,
4797,
4798,
4799,
4800,
4801,
4802,
4803,
4804,
4805,
4806,
4807,
4808,
4809,
4810,
4811,
4812,
4813,
4814,
4815,
4816,
4817,
4818,
4819,
4820,
4821,
4822,
4823,
4824,
4825,
4826,
4827,
4828,
4829,
4830,
4831,
4832,
4833,
4834,
4835,
4836,
4837,
4838,
4839,
4840,
4841,
4842,
4843,
4844,
4845,
4846,
4847,
4848,
4849,
4850,
4851,
4852,
4853,
4854,
4855,
4856,
4857,
4858,
4859,
4860,
4861,
4862,
4863,
4864,
4865,
4866,
4867,
4868,
4869,
4870,
4871,
4872,
4873,
4874,
4875,
4876,
4877,
4878,
4879,
4880,
4881,
4882,
4883,
4884,
4885,
4886,
4887,
4888,
4889,
4890,
4891,
4892,
4893,
4894,
4895,
4896,
4897,
4898,
4898 L,
4899,
4900,
4901,
4902,
4903,
4904,
4905,
4906,
4907,
4908,
4909,
4910,
4911,
4912,
4913,
4914,
4915,
4916,
4917,
4918,
4919,
4920,
4921,
4922,
4923,
4924,
4925,
4926,
4927,
4928,
4929,
4930,
4931,
4932,
4933,
4934,
4935,
4936,
4937,
4938,
4939,
4940,
4941,
4942,
4943,
4944,
4945,
4946,
4947,
4948,
4949,
4950,
4951,
4952,
4953,
4954,
4954-Model,
4955,
4956,
4957,
4958,
4959,
4960,
4961,
4962,
4963,
4964,
4965,
4966,
4967,
4968,
4969,
4970,
4971,
4972,
4973,
4974,
4975,
4976,
4977,
4978,
4979,
4980,
4981,
4982,
4983,
4984,
4985,
4986,
4987,
4988,
4989,
4990,
4991,
4992,
4993,
4994,
4995,
4996,
4997,
4998,
4999,
5006,
5007,
5008,
5009,
5010,
5011,
5012,
5013,
5014,
5015,
5016,
5017,
5018,
5019,
5020,
5021,
5022,
5023,
5024,
5025,
5026,
5027,
5028,
5029,
5030,
5031,
5032,
5033,
5034,
5035,
5036,
5037,
5038,
5039,
5040,
5041,
5042,
5043,
5044,
5045,
5046,
5047,
5048,
5049,
5050,
5051,
5052,
5053,
5054,
5055,
5056,
5057,
5058,
5059,
5060,
5061,
5062,
5063,
5064,
5065,
5066,
5067,
5068,
5069,
5070,
5071,
5072,
5073,
5074,
5075,
5076,
5077,
5078,
5079,
5083,
5084,
5085,
5086,
5087,
5088,
5089,
5090,
5091,
5092,
5093,
5094,
5095,
5096,
5097,
5098,
5099,
5100,
5101,
5102,
5103,
5104,
5105,
5106,
5107,
5108,
5109,
5110,
5111,
5112,
5113,
5114,
5115,
5116,
5117,
5118,
5119,
5120,
5121,
5122,
5123,
5124,
5125,
5126,
5127,
5128,
5129,
5130,
5131,
5132,
5133,
5134,
5135,
5136,
5137,
5138,
5139,
5140,
5141,
5142,
5143,
5144,
5145,
5146,
5147,
5148,
5149,
5150,
5151,
5152,
5153,
5154,
5155,
5156,
5157,
5158,
5159,
5160,
5161,
5162,
5163,
5164,
5165,
5166,
5167,
5168,
5169,
5170,
5171,
5172,
5173,
5174,
5175,
5176,
5177,
5178,
5179,
5180,
5181,
5182,
5183,
5184,
5185,
5186,
5187,
5188,
5189,
5190,
5191,
5192,
5193,
5194,
5195,
5196,
5197,
5198,
5199,
5200,
5201,
5202,
5203,
5204,
5205,
5206,
5207,
5208,
5209,
5210,
5211,
5212,
5213,
5214,
5215,
5216,
5217,
5218,
5219,
5220,
5221,
5222,
5223,
5224,
5225,
5226,
5227,
5228,
5229,
5230,
5231,
5232,
5233,
5234,
5235,
5236,
5237,
5238,
5239,
5240,
5241,
5242,
5243,
5244,
5245,
5246,
5247,
5248,
5249,
5250,
5251,
5252,
5253,
5254,
5255,
5256,
5257,
5258,
5259,
526,
5260,
5261,
5262,
5263,
5264,
5265,
5266,
5267,
5268,
5269,
5270,
5271,
5272,
5273,
5274,
5275,
5276,
5277,
5278,
5279,
5280,
5281,
5282,
5283,
5284,
5285,
5286,
5287,
5288,
5289,
5290,
5291,
5292,
5293,
5294,
5295,
5296,
5297,
5298,
5299,
5300,
5301,
5302,
5303,
5304,
5305,
5306,
5307,
5308,
5309,
5310,
5311,
5312,
5313,
5314,
5315,
5316,
5317,
5318,
5319,
5320,
5321,
5322,
5323,
5324,
5325,
5326,
5327,
5328,
5329,
5330,
5331,
5332,
5333,
5334,
5335,
5336,
5337,
5338,
5339,
5340,
5340.,
5341,
5342,
5343,
5344,
5345,
5346,
5347,
5348,
5349,
5350,
5351,
5352,
5353,Round Tube dia 14 x 4.75 wall mm
5354,
5355,
5356,
5357,
5358,
5359,
5360,
5361,
5362,
5363,
5364,
5365,
5366,
5367,
5368,
5369,
5370,
5371,
5372,
5373,
5374,
5375,
5376,
5377,
5378,
5379,
5380,
5381,
5382,
5383,
5384,
5385,
5386,
5387,
5388,
5389,
5390,
5391,
5392,
5393,
5394,
5395,
5396,
5397,
5398,
5399,
5400,
5401,
5402,
5403,
5404,
5405,
5406,
5407,
5408,
5409,
5410,
5411,
5412,
5413,
5414,
5415,
5416,
5417,
5418,
5419,
5420,
5421,
5422,
5423,
5423 A,
5424,
5425,
5426,
5427,
5428,
5429,
5430,
5431,
5432,
5433,
5434,
5435,
5436,
5437,
5438,
5439,
5440,
5441,
5442,
5443,
5444,
5445,
5446,
5447,
5448,
5449,
5450,
5451,
5452,
5453,
5454,
5455,
5456,
5457,
5458,
5459,
5460,
5461,
5462,
5463,
5464,
5465,
5466,
5467,
5468,
5469,
5470,
5471,
5472,
5473,
5474,
5475,
5476,
5477,
5478,
5479,
5480,
5481,
5482,
5483,
5484,
5485,
5486,
5487,
5488,
5489,
5490,
5491,
5492,
5493,
5494,
5495,
5496,
5497,
5498,
5499,
5500,
5501,
5502,
5503,
5504,
5505,
5506,
5507,
5508,
5509,
551,
5510,
5511,
5512,
5513,
5514,
5515,
5516,
5517,
5518,
5519,
5520,
5521,
5522,
5523,
5524,
5525,
5526,
5527,
5528,
5529,
5530,
5531,
5532,
5533,
5534,
5535,
5536,
5537,
5538,
5539,
5540,
5541,
5542,
5543,
5544,
5545,
5546,
5547,
5548,
5549,
5550,
5551,
5552,
5553,
5554,
5555,
5556,
5557,
5558,
5559,
5560,
5561,
5562,
5563,
5564,
5565,
5566,
5567,
5568,
5569,
5570,
5571,
5572,
5573,
5574,
5575,
5576,
5577,
5578,
5579,
5580,
5581,
5582,
5583,
5584,
5585,
5586,
5587,
5588,
5589,
5590,
5591,
5592,
5593,
5594,
5595,
5596,
5597,
5598,
5599,
5600,
5601,
5602,
5603,
5604,
5605,
5606,
5607,
5608,
5609,
5610,
5611,
5612,
5613,
5614,
5615,
5616,
5617,
5618,
5619,
5620,
5621,
5622,
5623,
5624,
5625,
5626,
5627,
5628,
5629,
5630,
5631,
5632,
5633,
5634,
5635,
5636,
5637,
5638,
5639,
5640,
5641,
5642,
5643,
5644,
5645,
5646,
5647,
5648,
5649,
5650,
5651,
5652,
5653,
5654,
5655,
5656,
5657,
5658,
5659,
5660,
5661,
5662,
5663,
5664,
5665,
5666,
5667,
5668,
5669,
5670,
5671,
5672,
5673,
5674,
5675,
5676,
5677,
5678,
5679,
5680,
5681,
5682,
5683,
5684,
5685,
5685 (1),
5686,
5686 (1),
5686 (2),
5687,
5688,
5689,
5690,
5691,
5692,
5693,
5694,
5695,
5696,
5697,
5698,
5699,
5699 (1),
5700,
5700 (1),
5701,
5702,
5703,
5704,
5705,
5706,
5707,
5708,
5709,
5710,
5711,
5712,
5713,
5713 (1),
5714,
5715,
5716,
5717,
5718,
5719,
5720,
5721,
5722,
5723,
5723 (1),
5724,
5725,
5726,
5727,
5728,
5729,
5730,
5731,
5732,
5733,
5734,
5735,
5736,
5737,
5738,
5738 (1),
5739,
5740,
5741,
5742,
5743,
5744,
5745,Round Tube dia 8.2 x 2 wall mm
5746,
5747,
5748,
5749,
5750,
5751,
5752,
5753,
5754,
5755,
5756,
5757,
5758,
5759,
576,
5760,
5761,
5762,
5763,
5764,
5765,
5766,
5767,
5768,
5769,
577,
5770,
5771,
5772,
5773,
5774,
5775,
5776,
5777,
5778,
5779,
5780,
5781,
5783,
5784,
5785,
5786,
5787,
5788,
5789,
5790,
5791,
5792,
5793,
5794,
5795,
5796,
5797,
5798,
5799,
5801,
5802,
5803,
5804,
5805,
5806,
5807,
5808,
5809,
5810,
5811,
5812,
5813,
5814,
5815,
5816,
5817,
5818,
5819,
5820,
5821,
5822,
5823,
5824,
5825,
5826,
5827,
5828,
5829,
5830,
5831,
5832,
5833,
5834,
5835,
5836,
5837,
5838,
5839,
5840,
5841,
5842,
5843,
5844,
5845,
5846,
5847,
5848,
5849,
5850,
5851,
5852,
5853,
5854,
5855,
5856,
5857,
5858,
5859,
5860,
5861,
5862,
5863,
5864,
5865,
5866,
5867,
5868,
5869,
5870,
5871,
5872,
5873,
5874,
5875,
5876,
5877,
5878,
5879,
5880,
5881,
5882,
5883,
5884,
5885,
5886,
5887,
5888,
5889,
5890,
5891,
5892,
5893,
5894,
5895,
5896,
5897,
5898,
5899,
5900,
5901,
5902,
5903,
5904,
5905,
5906,
5907,
5908,
5909,
5910,
5911,
5912,
5913,
5914,
5915,
5916,
5917,
5918,
5919,
5920,
5921,
5922,
5923,
5924,
5925,
5926,
5927,
5928,
5929,
5930,
5931,
5932,
5933,
5934,
5935,
5936,
5937,
5938,
5939,
5940,
5941,
5942,
5943,
5944,
5945,
5946,
5947,
5948,
5949,
5950,
5951,Round Tube dia 55 x 2.55 wall mm
5952,
5953,
5954,
5955,
5956,
5957,
5958,
5959,
5960,
5961,
5962,
5963,
5964,
5965,
5966,
5967,
5968,
5969,
5970,
5971,
5972,
5973,
5974,
5975,
5976,
5977,
5978,
5979,
5980,
5981,
5982,
5983,
5984,
5985,
5986,
5987,
5988,
5989,
5990,
5991,
5992,
5993,
5994,
5995,
5996,
5997,
5998,
5999,
6000,
6001,Flat 10 x 4 mm
6002,Flat 10 x 5 mm
6003,Flat 12 x 3 mm
6004,Flat 12 x 4.5 mm
6005,Flat 12 x 6 mm
6006,Flat 13 x 4.5 mm
6007,Flat 15 x 3 mm
6008,Flat 16 x 3 mm
6009,Flat 16 x 5 mm
601,
6010,Flat 18 x 2.2 mm
6011,Flat 18 x 2.5 mm
6012,Flat 18 x 4.5 mm
6013,Flat 19 x 3 mm
6014,Flat 19 x 4.5 mm
6015,Flat 19 x 6 mm
6016,Flat 20 x 6 mm
6017,Flat 20 x 8 mm
6018,Flat 20 x 10 mm
6019,Flat 24 x 2.5 mm
6020,Flat 25 x 1 mm
6021,Flat 25 x 1.25 mm
6022,Flat 25 x 1.5 mm
6023,Flat 25 x 2.5 mm
6024,Flat 25 x 3 mm
6025,Flat 25 x 4.5 mm
6026,Flat 25 x 6 mm
6027,Flat 25 x 8 mm
6028,Flat 25 x 10 mm
6029,Flat 25 x 12 mm
6030,Flat 25 x 20 mm
6031,Flat 27.5 x 19.5 mm
6032,Flat 30 x 1.2 mm
6033,Flat 30 x 1.85 mm
6034,Flat 30 x 2.8 mm
6035,Flat 30 x 3 mm
6036,Flat 30 x 4.5 mm
6037,Flat 30 x 5 mm
6038,Flat 30 x 6 mm
6039,Flat 30 x 8 mm
6040,Flat 30 x 10 mm
6041,Flat 30 x 12 mm
6042,Flat 32 x 2 mm
6043,Flat 32 x 3 mm
6044,Flat 32 x 4 mm
6045,Flat 32 x 10 mm
6046,Flat 32 x 12 mm
6047,Flat 35 x 2.8 mm
6048,Flat 38 x 3 mm
6049,Flat 38 x 4.5 mm
6050,Flat 38 x 5 mm
6051,Flat 38 x 6 mm
6052,Flat 38 x 7 mm
6053,Flat 38 x 15 mm
6054,Flat 38 x 20 mm
6055,Flat 40 x 3 mm
6056,Flat 40 x 4 mm
6057,Flat 40 x 5 mm
6058,Flat 40 x 6 mm
6059,Flat 40 x 8 mm
6060,Flat 40 x 10 mm
6061,Flat 40 x 12 mm
6062,Flat 40 x 20 mm
6063,Flat 43.6 x 19.5 mm
6064,Flat 50 x 3 mm
6065,Flat 50 x 4 mm
6066,Flat 50 x 4.75 mm
6067,Flat 50 x 5 mm
6068,Flat 50 x 5.3 mm
6069,Flat 50 x 6 mm
6070,Flat 50 x 8 mm
6071,Flat 50 x 10 mm
6072,Flat 50 x 12 mm
6073,Flat 50 x 15 mm
6074,Flat 50 x 16 mm
6075,Flat 50 x 19 mm
6076,Flat 50 x 20 mm
6077,Flat 50 x 25 mm
6078,Flat 50 x 32 mm
6079,Flat 50 x 35 mm
6080,Flat 50 x 38 mm
6081,Flat 60 x 8 mm
6082,Flat 60 x 9 mm
6083,Flat 60 x 10 mm
6084,Flat 60 x 12 mm
6085,Flat 60 x 15 mm
6086,Flat 60 x 16 mm
6087,Flat 60 x 20 mm
6088,Flat 62 x 4.75 mm
6089,Flat 62 x 5 mm
6090,Flat 62 x 12 mm
6091,Flat 63 x 6 mm
6092,Flat 63 x 10 mm
6093,Flat 63 x 16 mm
6094,Flat 65 x 10 mm
6095,Flat 75 x 3 mm
6096,Flat 75 x 4.75 mm
6097,Flat 75 x 6 mm
6098,Flat 75 x 8.8 mm
6099,Flat 75 x 10 mm
610,
6100,Flat 75 x 12 mm
6101,Flat 75 x 15 mm
6102,Flat 75 x 16 mm
6103,Flat 75 x 19 mm
6104,Flat 75 x 25 mm
6105,Flat 80 x 5 mm
6106,Flat 80 x 6 mm
6107,Flat 80 x 8 mm
6108,Flat 80 x 10 mm
6109,Flat 80 x 12 mm
611,
6110,Flat 100 x 3 mm
6111,Flat 100 x 6 mm
6112,Flat 100 x 8 mm
6113,Flat 100 x 10 mm
6114,Flat 100 x 12 mm
6115,Flat 100 x 12.5 mm
6116,Flat 100 x 15 mm
6117,Flat 100 x 16 mm
6118,Flat 100 x 19 mm
6119,Flat 100 x 20 mm
6120,Flat 100 x 25 mm
6121,Flat 100 x 50 mm
6122,Flat 105 x 3 mm
6123,Flat 105 x 4 mm
6124,Flat 125 x 6 mm
6125,Flat 125 x 10 mm
6126,Flat 125 x 12 mm
6127,Flat 125 x 13.5 mm
6128,Flat 125 x 15 mm
6129,Flat 125 x 25 mm
6130,Flat 140 x 5 mm
6131,Flat 150 x 3 mm
6132,Flat 150 x 6 mm
6133,Flat 150 x 10 mm
6134,Flat 150 x 12 mm
6135,Flat 150 x 19 mm
6136,Flat 160 x 6 mm
6137,Flat 160 x 10 mm
6138,Flat 160 x 12 mm
6139,Flat 200 x 10 mm
6140,Flat 200 x 12 mm
6141,Flat 200 x 16 mm
6142,Flat 200 x 20 mm
6143,Flat 205 x 3.8 mm
6144,Flat 32 x 28 mm
6145,Flat 19 x 4 mm
6146,Flat 19 x 5 mm
6147,Flat 32 x 6 mm
6148,Flat 35 x 10 mm
6149,Flat 38 x 4 mm
6150,Flat 38 x 25 mm
6160,Flat 45 x 10 mm
6161,Flat 45 x 12 mm
6162,Flat 60 x 6 mm
6163,Flat 62 x 9 mm
6164,Flat 125 x 19 mm
6165,Flat 150 x 16 mm
6166,Flat 150 x 25 mm
6167,Flat 200 x 6 mm
6201,Round Bar dia 6 mm
6202,Round Bar dia 6.5 mm
6203,Round Bar dia 7.6 mm
6204,Round Bar dia 8 mm
6205,Round Bar dia 8.6 mm
6206,Round Bar dia 9 mm
6207,Round Bar dia 9.4 mm
6208,Round Bar dia 9.8 mm
6209,Round Bar dia 10 mm
6210,Round Bar dia 10.4 mm
6211,Round Bar dia 10.8 mm
6212,Round Bar dia 11.2 mm
6213,Round Bar dia 12 mm
6214,Round Bar dia 12.5 mm
6215,Round Bar dia 12.7 mm
6216,Round Bar dia 14.2 mm
6217,Round Bar dia 16 mm
6218,Round Bar dia 17.5 mm
6219,Round Bar dia 18 mm
6220,Round Bar dia 19 mm
6221,Round Bar dia 20 mm
6222,Round Bar dia 20.65 mm
6223,Round Bar dia 22.25 mm
6224,Round Bar dia 23 mm
6225,Round Bar dia 24 mm
6226,Round Bar dia 24.7 mm
6227,Round Bar dia 25 mm
6228,Round Bar dia 25.3 mm
6229,Round Bar dia 29.7 mm
6230,Round Bar dia 30 mm
6231,Round Bar dia 31.5 mm
6232,Round Bar dia 32 mm
6233,Round Bar dia 35 mm
6234,Round Bar dia 36 mm
6235,Round Bar dia 38 mm
6236,Round Bar dia 40 mm
6237,Round Bar dia 41 mm
6238,Round Bar dia 42 mm
6239,Round Bar dia 45 mm
6240,Round Bar dia 50 mm
6241,Round Bar dia 53 mm
6242,Round Bar dia 60 mm
6243,Round Bar dia 75 mm
6244,Round Bar dia 80 mm
6245,Round Bar dia 100 mm
6281,Square Bar 6 mm sq
6282,Square Bar 8 mm sq
6283,Square Bar 8.5 mm sq
6284,Square Bar 9 mm sq
6285,Square Bar 12 mm sq
6286,Square Bar 12.5 mm sq
6287,Square Bar 14 mm sq
6288,Square Bar 16 mm sq
6289,Square Bar 18 mm sq
6290,Square Bar 25 mm sq
6291,Square Bar 30 mm sq
6292,Square Bar 50 mm sq
6293,Square Bar 51.45 mm sq
6294,Square Bar 76 mm sq
6295,Square Bar 77 mm sq
6296,Square Bar 80 mm sq
6297,Square Bar 38 mm sq
6301,RT 15 x 8 x 1.5 mm
6302,RT 17 x 10 x 1 mm
6303,RT 17.5 x 15 x 1.2 mm
6304,RT 21 x 14 x 1.9 mm
6305,RT 24.5 x 10 x 1.5 mm
6306,RT 25 x 12 x 1.4 mm
6307,RT 25 x 12 x 1.8 mm
6308,RT 25 x 12 x 2.15 mm
6309,RT 25 x 19 x 1.6 mm
631,Hexagonal Bar 17 mm A/F
6310,RT 25 x 19 x 2 mm
6311,RT 29.8 x 10 x 1 mm
6312,RT 30 x 15 x 1.2 mm
6313,RT 30 x 15 x 1.6 mm
6314,RT 30 x 20 x 1.6 mm
6315,RT 30 x 20 x 2 mm
6316,RT 30 x 20 x 2.2 mm
6317,RT 30 x 23 x 2 mm
6318,RT 32 x 12 x 1.6 mm
6319,RT 35 x 22 x 0.75 mm
632,
6320,RT 36 x 23 x 1.1 mm
6321,RT 36 x 23 x 2.15 mm
6322,RT 36 x 24 x 0.7 mm
6323,RT 36 x 24 x 0.95 mm
6324,RT 36 x 24 x 1.15 mm
6325,RT 125 x 38 x 2 mm
6326,RT 15 x 8 x 1 mm
6327,RT 36 x 24 x 1.3 mm
6328,RT 36 x 24 x 1.6 mm
6329,RT 38 x 25 x 1.5 mm
633,Hexagonal Bar 18.6 mm A/F
6330,RT 38 x 25 x 1.9 mm
6331,RT 38 x 25 x 2.5 mm
6332,RT 38 x 25 x 3.1 mm
6333,RT 40 x 15 x 1.6 mm
6334,RT 40 x 18 x 0.6 mm
6335,RT 40 x 15 x 1.5 mm
6336,RT 40 x 20 x 1.5 mm
6337,RT 40 x 20 x 2 mm
6339,RT 40 x 20 x 1.2 mm
634,Hexagonal Bar 20 mm A/F
6340,RT 20 x 10 x 1 mm
6342,RT 40 x 20 x 1.8 mm
6343,RT 40 x 20 x 3.15 mm
635,Hexagonal Bar 12 mm A/F
6370,
6386,RT 50.8 x 25.4 x 2.5 mm
6387,RT 50.8 x 25.4 x 2.9 mm
6388,RT 52 x 20 x 2.9 mm
6389,RT 52 x 24 x 1.4 mm
6390,RT 54 x 35 x 0.5 mm
6391,RT 55 x 15 x 1 mm
6392,RT 55 x 36 x 0.5 mm
6394,RT 60 x 25 x 2.9 mm
6395,RT 60 x 35 x 2 mm
6396,RT 60 x 50 x 1.9 mm
6397,RT 63 x 25 x 1.15 mm
6398,RT 63 x 38 x 1 mm
6399,RT 63 x 38 x 1.3 mm
6401,RT 63 x 38 x 1.6 mm
6402,RT 63 x 38 x 2.1 mm
6403,RT 63 x 38 x 3 mm
6404,RT 63 x 38 x 3.4 mm
6405,RT 63 x 38 x 3.9 mm
6406,RT 57 x 44 x 3 mm
6407,RT 60 x 20 x 2.7 mm
6408,RT 60 x 35 x 0.7 mm
6410,RT 63 x 24 x 1.1 mm
6411,RT 63 x 38 x 0.75 mm
6417,RT 64 x 57 x 1.54 mm
6418,RT 64 x 58 x 1.3 mm
6419,RT 64 x 58 x 1.8 mm
6420,RT 65 x 25 x 0.55 mm
6421,RT 65 x 25 x 1.6 mm
6422,RT 75 x 12 x 1.8 mm
6423,RT 75 x 12 x 2.85 mm
6424,RT 75 x 19 x 1.45 mm
6425,RT 75 x 19 x 2.1 mm
6426,RT 75 x 20 x 1.5 mm
6427,RT 75 x 20 x 2 mm
6428,RT 75 x 24 x 1 mm
6429,RT 75 x 24 x 1.5 mm
6430,RT 75 x 25 x 1 mm
6431,RT 75 x 25 x 1.2 mm
6432,RT 75 x 25 x 1.5 mm
6433,RT 75 x 25 x 2 mm
6434,RT 75 x 25 x 2.45 mm
6455,
6478,RT 100 x 40 x 2 mm
6480,RT 100 x 25 x 1.85 mm
6481,RT 100 x 25 x 2 mm
6482,RT 100 x 25 x 2.2 mm
6483,RT 100 x 25 x 3.1 mm
6484,RT 100 x 25 x 2.5 mm
6485,RT 100 x 40 x 1.5 mm
6486,RT 100 x 40 x 1.8 mm
6487,RT 100 x 40 x 2.8 mm
6492,RT 100 x 50 x 1.5 mm
6493,RT 100 x 50 x 2 mm
6494,RT 100 x 50 x 2.7 mm
6495,RT 100 x 50 x 3 mm
6496,RT 100 x 50 x 5.95 mm
6497,RT 100 x 57 x 4 mm
6498,RT 100 x 75 x 3 mm
6499,RT 101 x 44 x 1.68 mm
6500,RT 101 x 44 x 1.82 mm
6501,RT 101 x 44 x 2 mm
6502,RT 101 x 44 x 2.45 mm
6503,RT 101 x 44 x 3.67 mm
6504,RT 101 x 44 x 2.16 mm
6505,RT 101 x 45 x 1.67 mm
6506,RT 101 x 45 x 2 mm
6507,RT 101 x 45 x 2.8 mm
6508,RT 115 x 46 x 4.16 mm
6509,RT 116 x 25 x 1.97 mm
651,
6510,RT 116 x 25 x 2.4 mm
6511,RT 124 x 24 x 1.05 mm
6512,RT 124 x 24 x 2.5 mm
6513,RT 125 x 25 x 1.5 mm
6514,RT 125 x 25 x 1.75 mm
6515,RT 125 x 25 x 1.85 mm
6516,RT 125 x 25 x 2.05 mm
6517,RT 125 x 25 x 3 mm
6518,RT 125 x 25 x 3.5 mm
6519,RT 125 x 38 x 1.5 mm
652,
6520,RT 125 x 38 x 3.25 mm
6521,RT 125 x 44 x 2.45 mm
6522,RT 125 x 44 x 3.1 mm
6537,RT 18 x 12 x 1.3 mm
6538,RT 25 x 19 x 1.2 mm
6540,RT 100 x 35 x 3 mm
6601,Round Tube dia 88 x 1.5 wall mm
6602,Round Tube dia 32 x 2 wall mm
6603,Round Tube dia 76.1 x 1.4 wall mm
6604,Round Tube dia 48.8 x 1.15 wall mm
6606,Round Tube dia 7 x 1.7 wall mm
6608,Round Tube dia 8.7 x 1.15 wall mm
6609,Round Tube dia 9 x 1 wall mm
6611,Round Tube dia 9.5 x 0.7 wall mm
6612,Round Tube dia 9.5 x 1 wall mm
6613,Round Tube dia 9.5 x 1.5 wall mm
6614,Round Tube dia 10 x 0.5 wall mm
6615,Round Tube dia 10 x 1.02 wall mm
6616,Round Tube dia 35 x 1.5 wall mm
6617,Round Tube dia 10 x 3 wall mm
6618,Round Tube dia 10.2 x 1.2 wall mm
6619,Round Tube dia 10.5 x 1.5 wall mm
6620,Round Tube dia 10.6 x 1.3 wall mm
6621,Round Tube dia 11 x 0.85 wall mm
6622,Round Tube dia 11 x 1.5 wall mm
6623,Round Tube dia 11 x 1.75 wall mm
6624,Round Tube dia 11.8 x 1.7 wall mm
6627,Round Tube dia 12.5 x 0.7 wall mm
6629,Round Tube dia 12.5 x 1.2 wall mm
6630,Round Tube dia 12.5 x 1.5 wall mm
6631,Round Tube dia 12.5 x 2 wall mm
6632,Round Tube dia 12.5 x 2.2 wall mm
6633,Round Tube dia 12.7 x 1.2 wall mm
6634,Round Tube dia 12.7 x 1.6 wall mm
6635,Round Tube dia 12.7 x 1.95 wall mm
6636,Round Tube dia 12.7 x 2.5 wall mm
6637,Round Tube dia 12.8 x 1.15 wall mm
6638,Round Tube dia 13.5 x 2.2 wall mm
6639,Round Tube dia 13.5 x 2.5 wall mm
6640,Round Tube dia 15 x 0.6 wall mm
6641,Round Tube dia 15 x 1.5 wall mm
6642,Round Tube dia 15.9 x 1 wall mm
6644,Round Tube dia 25 x 6.5 wall mm
6645,Round Tube dia 15.9 x 1.35 wall mm
6646,Round Tube dia 15.9 x 1.5 wall mm
6647,Round Tube dia 15.9 x 2 wall mm
6648,Round Tube dia 16.65 x 1.58 wall mm
6649,Round Tube dia 16.7 x 0.6 wall mm
6650,Round Tube dia 17.5 x 0.95 wall mm
6651,Round Tube dia 18 x 1.5 wall mm
6652,Round Tube dia 19 x 0.9 wall mm
6653,Round Tube dia 19 x 1.25 wall mm
6654,Round Tube dia 19 x 1.5 wall mm
6655,Round Tube dia 19 x 1.9 wall mm
6656,Round Tube dia 19 x 2.5 wall mm
6657,Round Tube dia 19 x 3 wall mm
6658,Round Tube dia 19 x 3.5 wall mm
6659,Round Tube dia 20 x 1.5 wall mm
6660,Round Tube dia 22 x 1 wall mm
6661,Round Tube dia 20 x 2 wall mm
6662,Round Tube dia 22 x 0.85 wall mm
6663,Round Tube dia 22 x 1.92 wall mm
6664,Round Tube dia 22 x 3.5 wall mm
6665,Round Tube dia 22.2 x 4.95 wall mm
6666,Round Tube dia 22.2 x 7.07 wall mm
6667,Round Tube dia 23 x 1 wall mm
6668,Round Tube dia 23.7 x 0.75 wall mm
6669,Round Tube dia 23.8 x 0.65 wall mm
6670,Round Tube dia 24 x 0.8 wall mm
6672,Round Tube dia 24 x 2.65 wall mm
6673,Round Tube dia 24 x 6.5 wall mm
6674,Round Tube dia 24.2 x 6.85 wall mm
6675,Round Tube dia 24.5 x 0.7 wall mm
6677,Round Tube dia 25 x 1 wall mm
6679,Round Tube dia 25 x 1.5 wall mm
6680,Round Tube dia 25 x 2 wall mm
6681,Round Tube dia 25 x 2.5 wall mm
6682,Round Tube dia 25 x 3 wall mm
6683,Round Tube dia 25 x 5 wall mm
6684,Round Tube dia 25 x 6 wall mm
6685,Round Tube dia 38 x 0.78 wall mm
6686,Round Tube dia 32 x 3 wall mm
6687,Round Tube dia 10.5 x 1.05 wall mm
6688,Round Tube dia 14.5 x 1.75 wall mm
6689,Round Tube dia 16 x 2 wall mm
6690,Round Tube dia 22 x 1.5 wall mm
6691,Round Tube dia 50 x 3 wall mm
6692,Round Tube dia 38 x 2 wall mm
6693,Round Tube dia 12 x 1.1 wall mm
6694,Round Tube dia 42 x 3 wall mm
6695,Round Tube dia 6 x 1 wall mm
6696,Round Tube dia 8 x 1 wall mm
6697,Round Tube dia 25.2 x 3.1 wall mm
6698,Round Tube dia 25.3 x 6.5 wall mm
6699,Round Tube dia 25.4 x 1.7 wall mm
6700,Round Tube dia 25.4 x 2 wall mm
6701,Round Tube dia 25.5 x 0.75 wall mm
6702,Round Tube dia 25.6 x 1.4 wall mm
6703,Round Tube dia 26 x 1.5 wall mm
6704,Round Tube dia 26.5 x 6.3 wall mm
6705,Round Tube dia 25.6 x 3.1 wall mm
6706,Round Tube dia 25.4 x 0.91 wall mm
6707,Round Tube dia 25.4 x 1.5 wall mm
6708,Round Tube dia 27 x 7.5 wall mm
6709,Round Tube dia 28 x 1.2 wall mm
6710,Round Tube dia 28 x 2 wall mm
6711,Round Tube dia 28 x 2.5 wall mm
6712,Round Tube dia 28 x 3 wall mm
6713,Round Tube dia 29 x 0.68 wall mm
6714,Round Tube dia 29 x 0.95 wall mm
6715,Round Tube dia 30 x 0.7 wall mm
6716,Round Tube dia 30 x 1 wall mm
6717,Round Tube dia 30 x 2 wall mm
6718,Round Tube dia 30 x 2.5 wall mm
6719,Round Tube dia 30 x 3 wall mm
6720,Round Tube dia 30 x 3.4 wall mm
6721,Round Tube dia 30 x 5 wall mm
6722,Round Tube dia 30.4 x 0.8 wall mm
6723,Round Tube dia 30.5 x 1.2 wall mm
6724,Round Tube dia 31 x 0.8 wall mm
6725,Round Tube dia 31.25 x 0.95 wall mm
6726,Round Tube dia 31.5 x 1.28 wall mm
6727,Round Tube dia 31.5 x 1.75 wall mm
6728,Round Tube dia 31.8 x 3.5 wall mm
6729,Round Tube dia 32 x 1 wall mm
6730,Round Tube dia 32 x 1.5 wall mm
6731,Round Tube dia 32 x 3.5 wall mm
6732,Round Tube dia 32 x 9 wall mm
6733,Round Tube dia 33 x 2 wall mm
6734,Round Tube dia 33.5 x 2.23 wall mm
6735,Round Tube dia 35 x 2.5 wall mm
6736,Round Tube dia 35 x 5 wall mm
6737,Round Tube dia 36 x 3 wall mm
6738,Round Tube dia 38 x 1 wall mm
6739,Round Tube dia 38 x 1.3 wall mm
6740,Round Tube dia 38 x 1.5 wall mm
6741,Round Tube dia 38 x 2.5 wall mm
6742,Round Tube dia 38 x 3 wall mm
6743,Round Tube dia 38 x 3.2 wall mm
6744,Round Tube dia 38 x 4 wall mm
6745,Round Tube dia 38 x 6.5 wall mm
6746,Round Tube dia 38.4 x 3.2 wall mm
6747,Round Tube dia 38.4 x 6.2 wall mm
6748,Round Tube dia 40 x 2 wall mm
6749,Round Tube dia 40 x 4 wall mm
6750,Round Tube dia 40 x 5 wall mm
6751,Round Tube dia 40.8 x 1.15 wall mm
6752,Round Tube dia 42 x 2 wall mm
6753,Round Tube dia 42 x 5 wall mm
6754,Round Tube dia 42.42 x 4 wall mm
6755,Round Tube dia 44 x 3 wall mm
6756,Round Tube dia 45 x 2 wall mm
6757,Round Tube dia 45 x 2.5 wall mm
6758,Round Tube dia 45 x 5 wall mm
6759,Round Tube dia 50 x 1.5 wall mm
6760,Round Tube dia 45 x 13.5 wall mm
6761,Round Tube dia 46 x 1.7 wall mm
6762,Round Tube dia 46 x 2 wall mm
6763,Round Tube dia 46 x 2.5 wall mm
6764,Round Tube dia 49 x 1 wall mm
6765,Round Tube dia 49 x 1.5 wall mm
6766,Round Tube dia 50 x 1 wall mm
6767,Round Tube dia 50 x 2 wall mm
6768,Round Tube dia 50 x 2.5 wall mm
6769,Round Tube dia 50 x 4 wall mm
6770,Round Tube dia 50 x 5 wall mm
6771,Round Tube dia 50 x 6 wall mm
6772,Round Tube dia 50 x 12.5 wall mm
6773,Round Tube dia 50 x 15.5 wall mm
6774,Round Tube dia 50.4 x 3.7 wall mm
6775,Round Tube dia 51 x 2 wall mm
6776,Round Tube dia 51 x 3.5 wall mm
6777,Round Tube dia 51.4 x 1.7 wall mm
6778,Round Tube dia 55.8 x 2 wall mm
6779,Round Tube dia 57 x 3 wall mm
6780,Round Tube dia 54 x 1.5 wall mm
6781,Round Tube dia 60 x 1.5 wall mm
6782,Round Tube dia 60 x 3 wall mm
6783,Round Tube dia 60 x 10 wall mm
6784,Round Tube dia 60 x 5 wall mm
6785,Round Tube dia 60.6 x 10.1 wall mm
6786,Round Tube dia 62 x 2.25 wall mm
6787,Round Tube dia 62 x 2 wall mm
6788,Round Tube dia 62 x 2.5 wall mm
6789,Round Tube dia 63 x 1.5 wall mm
6790,Round Tube dia 63 x 3 wall mm
6791,Round Tube dia 66 x 1.5 wall mm
6792,Round Tube dia 68 x 2 wall mm
6793,Round Tube dia 69 x 1.6 wall mm
6794,Round Tube dia 70 x 2 wall mm
6795,Round Tube dia 73 x 1.75 wall mm
6796,Round Tube dia 73 x 2 wall mm
6797,Round Tube dia 75 x 1 wall mm
6798,Round Tube dia 75 x 1.5 wall mm
6799,Round Tube dia 75 x 2 wall mm
6800,Round Tube dia 75 x 3 wall mm
6801,Round Tube dia 75 x 6 wall mm
6802,Round Tube dia 76 x 2 wall mm
6803,Round Tube dia 82 x 3 wall mm
6804,Round Tube dia 87 x 2 wall mm
6805,Round Tube dia 88 x 2 wall mm
6806,Round Tube dia 88 x 3 wall mm
6807,Round Tube dia 89 x 5.5 wall mm
6808,Round Tube dia 88.9 x 12.12 wall mm
6809,Round Tube dia 95 x 2.5 wall mm
6810,Round Tube dia 100 x 2.5 wall mm
6811,Round Tube dia 100 x 3 wall mm
6812,Round Tube dia 100 x 5 wall mm
6813,Round Tube dia 110 x 2.5 wall mm
6814,Round Tube dia 110.2 x 2.6 wall mm
6815,Round Tube dia 120 x 1.5 wall mm
6816,Round Tube dia 120 x 2 wall mm
6817,Round Tube dia 120 x 2.5 wall mm
6818,Round Tube dia 120.7 x 2 wall mm
6819,Round Tube dia 125 x 3 wall mm
6820,Round Tube dia 127 x 3 wall mm
6821,Round Tube dia 153 x 2.75 wall mm
6822,Round Tube dia 160 x 4 wall mm
6823,Round Tube dia 162 x 5 wall mm
6824,Round Tube dia 150 x 3 wall mm
6825,Round Tube dia 84.64 x 1.68 wall mm
6826,Round Tube dia 14 x 2 wall mm
6827,Round Tube dia 42 x 1.5 wall mm
6828,Round Tube dia 123 x 2 wall mm
6829,Round Tube dia 12 x 2 wall mm
6901,Sq 12 x 0.55 mm
6902,Sq 12.5 x 0.5 mm
6903,Sq 15 x 1.5 mm
6904,Sq 17.5 x 1.38 mm
6905,Sq 18 x 1 mm
6907,Sq 18 x 1.2 mm
6908,Sq 18 x 1.4 mm
6909,Sq 18 x 2 mm
6910,Sq 19 x 0.83 mm
6911,Sq 19 x 1.03 mm
6912,Sq 19 x 1.5 mm
6913,Sq 19 x 1.9 mm
6914,Sq 19 x 2.5 mm
6915,Sq 20 x 1.25 mm
6916,Sq 20 x 1.48 mm
6917,Sq 20 x 1.9 mm
6918,Sq 20 x 2.15 mm
6919,Sq 23 x 0.7 mm
6920,Sq 24 x 0.9 mm
6921,Sq 24 x 1.2 mm
6922,Sq 24 x 2 mm
6923,Sq 25 x 1.1 mm
6924,Sq 25 x 1.2 mm
6925,Sq 25 x 1.4 mm
6926,Sq 25 x 1.63 mm
6927,Sq 25 x 2.1 mm
6928,Sq 25 x 2.5 mm
6929,Sq 25 x 3 mm
6930,Sq 29 x 0.75 mm
6931,Sq 30 x 1.2 mm
6932,Sq 30 x 1.9 mm
6933,Sq 30 x 2.4 mm
6934,Sq 32 x 2.1 mm
6935,Sq 38 x 0.9 mm
6936,Sq 38 x 1.1 mm
6937,Sq 38 x 1.3 mm
6939,Sq 38 x 1.6 mm
6941,Sq 38 x 1.9 mm
6942,Sq 38 x 2.1 mm
6943,Sq 38 x 2.5 mm
6945,Sq 38 x 3.2 mm
6946,Sq 40 x 4.5 mm
6947,Sq 41.8 x 2.5 mm
6948,Sq 42 x 2.9 mm
6949,Sq 45 x 1.4 mm
6950,Sq 50 x 1 mm
6952,Sq 50 x 1.2 mm
6954,Sq 50 x 1.35 mm
6955,Sq 50 x 1.5 mm
6956,Sq 50 x 1.65 mm
6957,Sq 50 x 2 mm
6959,Sq 50 x 2.4 mm
6960,Sq 50 x 2.68 mm
6961,Sq 50 x 6.06 mm
6962,Sq 60 x 3.94 mm
6963,Sq 60 x 4.14 mm
6964,Sq 62 x 2.5 mm
6965,Sq 62 x 3.86 mm
6966,Sq 63 x 1.95 mm
6967,Sq 63 x 2.84 mm
6968,Sq 64 x 2.96 mm
6969,Sq 75 x 2 mm
6971,Sq 75 x 2.46 mm
6972,Sq 75 x 3 mm
6973,Sq 80 x 0.79 mm
6974,Sq 80 x 7.89 mm
6975,Sq 80 x 8.49 mm
6976,Sq 87 x 1.75 mm
6977,Sq 87 x 2.1 mm
6978,Sq 87.5 x 3 mm
6979,Sq 100 x 3 mm
6981,Sq 100 x 4.12 mm
6982,Sq 125 x 2 mm
6983,Sq 125 x 3.05 mm
6985,Sq 30 x 1.5 mm
6986,Sq 63 x 3 mm
6987,Sq 62 x 1.7 mm
6988,Sq 32 x 1.5 mm
7001,UC 9 x 12 x 1 mm
7002,UC 12 x 12 x 0.75 mm
7003,UC 12 x 12 x 1.08 mm
7004,UC 12 x 12 x 1.55 mm
7005,UC 12 x 12 x 2.05 mm
7006,UC 12 x 15 x 0.95 mm
7007,UC 12 x 15 x 1.9 mm
7008,UC 15 x 12 x 1 mm
7009,UC 15 x 15 x 0.85 mm
701,
7010,UC 15 x 15 x 1.75 mm
7011,UC 15 x 25 x 1.15 mm
7012,UC 15 x 40 x 1.5 mm
7013,UC 16.5 x 10 x 1.38 mm
7014,UC 18 x 12 x 0.85 mm
7015,UC 18 x 12 x 1.9 mm
7016,UC 19 x 15 x 1 mm
7017,UC 19 x 19 x 1.4 mm
7018,UC 19 x 19 x 2.95 mm
7019,UC 19 x 25 x 1.4 mm
7020,UC 19 x 25 x 3.32 mm
7021,UC 19.05 x 19.05 x 3.18 mm
7022,UC 20 x 8 x 1 mm
7023,UC 20 x 8 x 1.23 mm
7024,UC 21 x 26 x 1.48 mm
7025,UC 21 x 26.5 x 1.45 mm
7026,UC 21 x 26.6 x 1.6 mm
7027,UC 24.7 x 11.8 x 2 mm
7028,UC 25 x 12 x 0.98 mm
7029,UC 25 x 12 x 1.83 mm
7030,UC 25 x 19 x 1.75 mm
7031,UC 25 x 25 x 1 mm
7032,UC 25 x 25 x 1.55 mm
7033,UC 25 x 25 x 2.65 mm
7034,UC 25 x 25 x 2.97 mm
7035,UC 25 x 38 x 1.75 mm
7036,UC 25 x 50 x 2 mm
7037,UC 26.6 x 21 x 1.6 mm
7038,UC 29 x 25 x 1.95 mm
7039,UC 29 x 25 x 1.8 mm
7040,UC 30 x 15 x 0.95 mm
7041,UC 30 x 30 x 3 mm
7042,UC 32.8 x 35.76 x 2.8 mm
7076,
7100,Angle 19 x 19 x 1.4 mm
7101,Angle 19 x 19 x 2.2 mm
7102,Angle 19 x 19 x 2.86 mm
7103,Angle 20 x 20 x 2 mm
7104,Angle 22 x 22 x 1.8 mm
7105,Angle 24 x 24 x 2.9 mm
7106,Angle 25 x 25 x 1.05 mm
7107,Angle 25 x 25 x 1.6 mm
7108,Angle 25 x 25 x 1.9 mm
7109,Angle 25 x 25 x 3.1 mm
711,
7110,Angle 25.4 x 25.4 x 1.45 mm
7111,Angle 30 x 30 x 1.5 mm
7112,Angle 30 x 30 x 2.8 mm
7113,Angle 38 x 38 x 1.3 mm
7114,Angle 38 x 38 x 1.8 mm
7115,Angle 38 x 38 x 2.5 mm
7116,Angle 38 x 38 x 2.7 mm
7117,Angle 38 x 38 x 2.9 mm
7118,Angle 38 x 38 x 4 mm
7121,Angle 38 x 38 x 5 mm
7122,Angle 38 x 38 x 5.4 mm
7123,Angle 38 x 38 x 6 mm
7124,Angle 40 x 40 x 3.2 mm
7125,Angle 40 x 40 x 4.25 mm
7126,Angle 40 x 40 x 5.25 mm
7127,Angle 50 x 50 x 2.3 mm
7128,Angle 50 x 50 x 3 mm
7130,Angle 50 x 50 x 3.35 mm
7132,Angle 50 x 50 x 4.45 mm
7133,Angle 50 x 50 x 5 mm
7134,Angle 50 x 50 x 5.35 mm
7135,Angle 50 x 50 x 6 mm
7137,Angle 62 x 62 x 3 mm
7138,Angle 63 x 63 x 2.95 mm
7139,Angle 63 x 63 x 5.85 mm
7140,Angle 75 x 75 x 3 mm
7141,Angle 75 x 75 x 4 mm
7143,Angle 75 x 75 x 4.95 mm
7144,Angle 75 x 75 x 8.1 mm
7201,Angle 24 x 20 x 2 mm
7202,Angle 25 x 12 x 1.7 mm
7203,Angle 25 x 12 x 3 mm
7204,Angle 25 x 22 x 1.9 mm
7205,Angle 38 x 20 x 2.45 mm
7206,Angle 38 x 22 x 3.1 mm
7207,Angle 38 x 25 x 1.15 mm
7208,Angle 38 x 25 x 1.65 mm
7209,Angle 38 x 25 x 2 mm
7210,Angle 38 x 25 x 2.15 mm
7211,Angle 38 x 25 x 2.3 mm
7212,Angle 38 x 25 x 2.85 mm
7213,Angle 38 x 25 x 3 mm
7214,Angle 38 x 25 x 3.3 mm
7215,Angle 38 x 25 x 3.55 mm
7216,Angle 38 x 25 x 4 mm
7217,Angle 50 x 20 x 3 mm
7218,Angle 50 x 25 x 3.25 mm
7219,Angle 50 x 30 x 3.15 mm
7220,Angle 60 x 40 x 1.9 mm
7221,Angle 75 x 50 x 2.8 mm
7222,Angle 75 x 50 x 3 mm
7223,Angle 75 x 50 x 6.1 mm
7224,Angle 100 x 25 x 2.4 mm
7225,Angle 100 x 50 x 4.7 mm
7226,Angle 110 x 20 x 2 mm
7227,Angle 50 x 25 x 4 mm
7229,Angle 75 x 25 x 2 mm
7230,Angle 75 x 25 x 3 mm
731,
734,
751,
776,
800,
8000,
8001,
8002,
8003,
8004,
8005,
8006,
8007,
8008,
8009,
8010,
8011,
8012,
8013,
8014,
8015,
8016,
8017,
8018,
8019,
8020,
8021,
8022,
8023,
8024,
8025,
8026,
8027,
8028,
8029,
8030,
8031,
8032,
8033,
8034,
8035,
8036,
8037,
8038,
8039,
8040,
8041,
8042,
8043,
8044,
8045,
8046,
8047,
8048,
8049,
8050,
8051,
8052,
8053,
8054,
8055,
8056,
8057,
8058,
8059,
8060,
8061,
8062,
8063,
8064,
8065,
8066,
8067,
8068,
8069,
8070,
8071,
8072,
8073,
8074,
8075,
8076,
8077,
8078,
8079,
8080,
8081,
8082,
8083,
8084,
8085,
8086,
8087,
8088,
8089,
8090,
8091,
8092,
8093,
8094,
8095,
8096,
8097,
8098,
8099,
8100,
8101,
8102,
8103,
8104,
8105,
8106,
8107,
8108,
8109,
8111,
8112,
8113,
8114,
8115,
8116,
8117,
8118,
8119,
8120,
8121,
8122,
8123,
8124,
8125,
8126,
8127,
8128,
8129,
8130,
8131,
8132,
8133,
8134,
8135,
8136,
826,
836,
837,
838,
839,
841,
846,
847,
848,
849,
851,
853,
854,
877,
l,
NEW CAT PG 440-Model,
NS 38,
NS 38 (1),
P73281_2303,
rt,
sq,
